name,fname,count
Achille,Occhetto,4
Adam,Biela,1
Adam,Bielan,750
Adam,Gierek,450
Adam,Kosa,627
Adamos,Adamou,71
Adeline,Hazan,19
Adina-Ioana,Valean,786
Adrian,Manole,15
Adrian,Severin,106
Adriana,Poli Bortone,31
Agnes,Hankiss,102
Agnes,Le Brun,319
Agnes,Schierhuber,176
Agnes,Vadai,1
Agustin,Diaz De Mera Garcia Consuegra,597
Alain,Cadec,2682
Alain,Esclope,59
Alain,Hutchinson,48
Alain,Krivine,95
Alain,Lamassoure,300
Alain,Lipietz,63
Alain,Madelin,5
Alajos,Meszaros,232
Alan,Kelly,82
Alan John,Donnelly,6
Albert,Dess,249
Albert Jan,Maat,120
Aldis,Kuskis,10
Aldo,Patriciello,3960
Alejandro,Agag Longo,3
Alejandro,Cercas,111
Alejo,Vidal-Quadras,1384
Aleksander Marek,Szczyglo,1
Aleksandrs,Kirsteins,1
Alessandra,Mussolini,1323
Alessandro,Battilocchio,279
Alessandro,Foglietta,17
Alexander,Alvaro,193
Alexander,De Roo,93
Alexander,Mirsky,1283
Alexander,Radwan,93
Alexander,Stubb,110
Alexander Graf,Lambsdorff,1320
Alexandra,Dobolyi,51
Alexandra,Thein,66
Alexandre,Varaut,12
Alexandros,Alavanos,235
Alexandros,Baltas,20
Alexandru,Athanasiu,2
Alexandru,Nazare,50
Alexandru-Ioan,Mortun,4
Alf,Svensson,114
Alfonso,Andria,40
Alfred,Gomolka,10
Alfredo,Antoniozzi,180
Alfredo,Pallone,637
Alfreds,Rubiks,30
Algirdas,Saudargas,81
Alima,Boumediene-Thiery,62
Alin Lucian,Antochi,11
Alojz,Peterle,951
Alonso Jose,Puerta,2030
Aloyzas,Sakalas,26
Alyn,Smith,783
Amalia,Sartori,178
Ambroise,Guellec,23
Ana,Gomes,1485
Ana,Mato Adrover,7
Ana,Miranda De Lage,1
Ana,Palacio Vallelersundi,69
Anders,Samuelsen,8
Anders,Wijkman,105
Andras,Gyurk,873
Andre,Brie,43
Andrea,Ceskova,62
Andrea,Cozzolino,510
Andrea,Losco,5
Andrea,Zanoni,36
Andreas,Molzer,1874
Andreas,Schwab,666
Andres,Perello Rodriguez,45
Andres,Tarand,24
Andrew,Duff,255
Andrew Henry William,Brons,304
Andrey,Kovatchev,300
Andrzej,Grzyb,513
Andrzej,Wielowieyski,8
Andrzej Jan,Szejna,195
Andrzej Karol,Gawlowski,1
Andrzej Tomasz,Zapalowski,81
Andrzej Zbigniew,Lepper,2
Angelika,Beer,52
Angelika,Niebler,342
Angelika,Werthmann,1225
Anja,Weisgerber,60
Anna,Hedh,309
Anna,Ibrisagic,89
Anna,Karamanou,129
Anna,Rosbach,77
Anna,Terron I Cusi,93
Anna,Zaborska,2088
Anna Elzbieta,Fotyga,282
Anna Maria,Corazza Bildt,705
Anne,Andre-Leonard,16
Anne,Delvaux,327
Anne,Ferreira,70
Anne,Laperrouze,59
Anne,Van Lancker,94
Anne E.,Jensen,201
Anne-Karin,Glase,10
Anne-Marie,Schaffner,2
Anneli,Hulthen,38
Anneli,Jaatteenmaki,1122
Annemie,Neyts-Uyttebroeck,321
Anni,Podimata,359
Antigoni,Papadopoulou,306
Antoine,Duquesne,5
Antolin,Sanchez Presedo,176
Antonello,Antinoro,38
Antoni,Macierewicz,1
Antonio,Campos,5
Antonio,Cancian,250
Antonio,Costa,63
Antonio,De Blasio,16
Antonio,De Poli,3
Antonio,Di Pietro,13
Antonio,Lopez-Isturiz White,855
Antonio,Masip Hidalgo,98
Antonio,Mussa,20
Antonio,Tajani,1506
Antonio Fernando,Correia De Campos,58
Antonio Jose,Seguro,41
Antonios,Trakatellis,210
Antonis,Samaras,15
Antonyia,Parvanova,81
Ari,Vatanen,62
Arie M.,Oostlander,111
Arlene,Mccarthy,168
Arlette,Laguiller,87
Arlindo,Cunha,79
Armando,Cossutta,19
Armando,Dionisi,11
Armando,Franca,18
Armando,Veneto,7
Armin,Laschet,44
Armonia,Bordes,67
Arnaud,Danjean,228
Arpad,Duka-Zolyomi,38
Artur,Zasada,127
Arunas,Degutis,21
Asa,Westlund,71
Ashley,Fox,798
Ashley,Mote,52
Astrid,Lulling,472
Astrid,Thors,172
Atanas,Paparizov,26
Athanasios,Pafilis,219
Athanasios,Plevris,2
Atilla Bela Ladislau,Kelemen,1
Auke,Zijlstra,56
Aurelio,Juri,4
Avril,Doyle,473
Axel,Voss,201
Bairbre,De Brun,131
Barbara,Duhrkop Duhrkop,59
Barbara,Kudrycka,156
Barbara,Lochbihler,381
Barbara,Matera,2307
Barbara,O'Toole,21
Barbara,Weiler,69
Baroness,Nicholson Of Winterbourne,74
Baroness Sarah,Ludford,411
Barry,Madlener,64
Bart,Staes,1623
Bartho,Pronk,84
Bas,Eickhout,366
Bashir,Khanbhai,37
Bastiaan,Belder,2193
Beatrice,Patrie,57
Bela,Glattfelder,64
Bela,Kovacs,747
Bendt,Bendtsen,195
Benedetto,Della Vedova,91
Beniamino,Donnici,2
Benoit,Hamon,21
Bent Hindrup,Andersen,24
Bernadette,Bourzai,49
Bernadette,Vergnaud,111
Bernard,Lehideux,24
Bernard,Poignant,57
Bernard,Wojciechowski,93
Bernat,Joan I Mari,39
Bernd,Lange,384
Bernd,Posselt,934
Bernhard,Rapkay,45
Bert,Doorn,24
Bertel,Haarder,48
Bill,Miller,66
Bill,Newton Dunn,110
Bilyana Ilieva,Raeva,11
Birgit,Schnieber-Jastram,20
Birgit,Sippel,267
Birute,Vesaite,1
Bob,Van Den Bos,125
Bogdan,Golik,73
Bogdan,Klich,36
Bogdan,Pek,43
Bogdan Kazimierz,Marcinkiewicz,111
Boguslaw,Liberadzki,1485
Boguslaw,Litwiniec,1
Boguslaw,Rogalski,101
Boguslaw,Sonik,332
Boris,Zala,273
Boriss,Cilevics,1
Borut,Pahor,20
Brian,Crowley,358
Brian,Simpson,166
Brice,Hortefeux,945
Brigitte,Douay,36
Brigitte,Foure,6
Brigitte,Langenhagen,95
Brigitte,Wenzel-Perillo,7
Britta,Reimers,63
Britta,Thomsen,70
Bronislaw,Geremek,31
Bruno,Gollnisch,2643
Bruno,Trentin,15
Burkhard,Balz,216
Calin Catalin,Chirita,44
Camiel,Eurlings,34
Camilo,Nogueira Roman,161
Carl,Haglund,63
Carl,Lang,177
Carl,Schlyter,347
Carles-Alfred,Gasoliba I Bohm,66
Carlo,Casini,82
Carlo,Fatuzzo,942
Carlo,Fidanza,168
Carlos,Bautista Ojeda,73
Carlos,Candal,3
Carlos,Carnero Gonzalez,91
Carlos,Coelho,3963
Carlos,Costa Neves,38
Carlos,Lage,82
Carlos,Ripoll Y Martinez De Bedoya,34
Carlos,Westendorp Y Cabeza,18
Carlos Jose,Iturgaiz Angulo,540
Carmen,Cerdeira Morterero,29
Carmen,Fraga Estevez,123
Carmen,Romero Lopez,40
Caroline,Jackson,81
Caroline,Lucas,161
Catalin Sorin,Ivan,636
Catalin-Ioan,Nechifor,10
Catherine,Bearder,210
Catherine,Boursier,6
Catherine,Greze,159
Catherine,Guy-Quint,72
Catherine,Lalumiere,218
Catherine,Neris,5
Catherine,Soullie,20
Catherine,Stihler,3336
Catherine,Trautmann,89
Catiuscia,Marini,1
Cecilia,Malmstrom,173
Cecilia,Wikstrom,498
Cees,Bremmer,3
Cem,Ozdemir,48
Chantal,Cauquil,63
Chantal,Simonot,1
Charalampos,Angourakis,186
Charles,De Gaulle,19
Charles,Goerens,420
Charles,Pasqua,72
Charles,Tannock,3627
Charlotte,Cederschiold,278
Chris,Davies,274
Christa,Klass,209
Christa,Prets,102
Christa,Randzio-Plath,104
Christel,Fiebiger,53
Christel,Schaldemose,273
Christian,Ehler,105
Christian,Engstrom,29
Christian,Rovsing,42
Christian Ulrik,Von Boetticher,30
Christine,De Veyrac,680
Christofer,Fjellner,489
Christoph,Konrad,50
Christophe,Bechu,2
Christopher,Beazley,122
Christopher,Heaton-Harris,171
Christopher,Huhne,24
Christos,Folias,28
Christos,Zacharakis,24
Chrysoula,Paliadeli,21
Claire,Gibault,13
Claude,Moraes,2100
Claude,Turmes,651
Claude J.-M.J.,Desama,9
Claudio,Fava,110
Claudio,Martelli,10
Claudio,Morganti,485
Claudiu Ciprian,Tanasescu,285
Clemente,Mastella,358
Colette,Flesch,24
Colm,Burke,88
Concepcio,Ferrer,77
Constance,Le Grip,1290
Constantin,Dumitriu,21
Constanze Angela,Krehl,147
Corien,Wortmann-Kool,142
Corina,Cretu,482
Corinne,Lepage,51
Cornelia,Ernst,366
Cornelis,De Jong,300
Cornelis,Visser,21
Corneliu,Vadim Tudor,29
Costas,Botopoulos,34
Crescenzio,Rivellini,334
Cristian,Dumitrescu,3
Cristian,Stanescu,2
Cristian Dan,Preda,1353
Cristian Silviu,Busoi,927
Cristiana,Muscardini,327
Cristina,Garcia-Orcoyen Tormo,51
Cristina,Gutierrez-Cortines,116
Cristobal,Montoro Romero,17
Csaba,Ory,66
Csaba,Sogor,1056
Csaba Sandor,Tabajdi,402
Csanad,Szegedi,122
Czeslaw Adam,Siekierski,1983
Daciana Octavia,Sarbu,897
Dagmar,Roth-Behrendt,244
Damien,Abad,81
Dan,Jorgensen,55
Dan,Mihalache,1
Dana Rosemary,Scallon,52
Daniel,Caspary,540
Daniel,Cohn-Bendit,326
Daniel,Daianu,17
Daniel,Ducarme,41
Daniel,Hannan,1560
Daniel,Kroupa,1
Daniel,Stroz,39
Daniel,Van Der Stoep,91
Daniel,Varela Suanzes-Carpegna,116
Daniel Petru,Funeriu,9
Daniela,Buruiana-Aprodu,1
Daniela,Raschhofer,99
Danielle,Auroi,55
Danielle,Darras,52
Danuta,Jazlowiecka,714
Danuta Maria,Hubner,231
Danute,Budreikaite,185
Dariusz,Rosati,225
Dariusz Maciej,Grabowski,39
David,Campbell Bannerman,261
David,Casa,1341
David,Hammerstein,76
David,Martin,10485
David,Sumberg,44
David Robert,Bowe,85
David-Maria,Sassoli,528
Debora,Serracchiani,64
Demetrio,Volcic,29
Den,Dover,41
Derek,Vaughan,2109
Derek Roland,Clark,157
Derk Jan,Eppink,71
Desislav,Chukolov,12
Diamanto,Manolakou,106
Diana,Wallis,1086
Diane,Dodds,1278
Didier,Rod,86
Diemut R.,Theato,63
Dieter-Lebrecht,Koch,213
Dimitar,Stoyanov,207
Dimitrios,Droutsas,22
Dimitrios,Koulourianos,3
Dimitrios,Papadimoulis,798
Dimitris,Tsatsos,17
Diogo,Feio,2174
Dirk,Sterckx,119
Domenico,Mennitti,1
Domenico Antonio,Basile,1
Dominique,Baudis,45
Dominique,Riquet,291
Dominique,Vlasto,282
Dominique F.C.,Souchet,222
Donata,Gottardi,21
Donato Tommaso,Veraldi,9
Dorette,Corbey,164
Doris,Pack,194
Dragos Florin,David,50
Duarte,Freitas,139
Dumitru,Oprea,34
Dumitru Gheorghe Mircea,Cosea,6
Dushana,Zdravkova,27
Edit,Bauer,132
Edit,Herczog,194
Edite,Estrela,1359
Edith,Mastenbroek,28
Edmund Kazimierz,Wittbrodt,1
Eduard,Kukan,654
Eduard Raul,Hellvig,264
Edvard,Kozusnik,84
Edward,Mcmillan-Scott,970
Edward,Scicluna,47
Efstratios,Korakas,238
Eider,Gardiazabal Rubial,819
Eija-Riitta,Korhola,550
Eiki,Berg,2
Elena,Basescu,1477
Elena,Valenciano Martinez-Orozco,669
Elena Oana,Antonescu,503
Elena Ornella,Paciotti,46
Eleni,Mavrou,1
Eleni,Theocharous,222
Eleonora,Lo Curto,2
Elie,Hoarau,32
Elisa,Ferreira,522
Elisa Maria,Damiao,21
Elisabeth,Jeggle,109
Elisabeth,Kostinger,894
Elisabeth,Morin-Chartier,1182
Elisabeth,Schroedter,262
Elisabetta,Gardini,1863
Elizabeth,Lynne,191
Elizabeth,Montfort,56
Elly,De Groen-Kouwenhoven,16
Elly,Plooij-Van Gorsel,108
Elmar,Brok,1563
Elspeth,Attwooll,83
Eluned,Morgan,88
Elzbieta Katarzyna,Lukacijewska,591
Emanuel Jardim,Fernandes,83
Emil,Stoyanov,5
Emilia Franziska,Muller,44
Emilie,Turunen,43
Emilio,Menendez Del Valle,50
Emine,Bozkurt,111
Emma,Bonino,41
Emma,Mcclarkin,285
Emmanouil,Angelakas,30
Emmanouil,Bakopoulos,6
Emmanouil,Glezos,312
Emmanouil,Mastorakis,42
Encarnacion,Redondo Jimenez,54
Eniko,Gyori,15
Enrico,Boselli,1
Enrico,Ferri,12
Enrico,Letta,7
Enrique,Baron Crespo,329
Enrique,Guerrero Salom,642
Eoin,Ryan,101
Erik,Meijer,725
Erika,Mann,104
Erminia,Mazzoni,206
Erminio Enzo,Boso,1
Erna,Hennicot-Schoepges,60
Ernst,Strasser,21
Eryl Margaret,Mcnally,84
Esko,Seppanen,275
Estelle,Grelier,67
Esther,De Lange,282
Esther,Herranz Garcia,255
Etelka,Barsi-Pataky,31
Eugen,Mihaescu,3
Eugenijus,Gentvilas,14
Eugenijus,Maldeikis,8
Eugeniusz,Klopotek,1
Eurig,Wyn,61
Eva,Joly,156
Eva,Lichtenberger,191
Eva-Britt,Svensson,148
Eva-Riitta,Siitonen,2
Evangelia,Tzampazi,40
Evelyn,Regner,846
Evelyne,Gebhardt,609
Evgeni,Kirilov,61
Evzen,Tosenovsky,282
Ewa,Hedkvist Petersen,65
Ewa,Klamt,51
Ewa,Tomaszewska,173
Fabio,Ciani,1
Fausto,Bertinotti,8
Fausto,Correia,5
Feleknas,Uca,49
Felipe,Camison Asensio,6
Fernand,Le Rachinel,46
Fernando,Fernandez Martin,45
Fernando,Perez Royo,6
Fernando,Reis,2
Filip,Adwent,2
Filip,Kaczmarek,281
Filiz Hakaeva,Hyusmenova,351
Fiona,Hall,119
Fiorella,Ghilardotti,62
Fiorello,Provera,141
Flaviu Calin,Rus,28
Florence,Kuntz,19
Florencio,Luque Aguilar,1
Fode,Sylla,72
Franc,Horvat,1
Francesca,Balzani,22
Francesco,De Angelis,96
Francesco,Ferrari,10
Francesco,Fiori,116
Francesco,Musotto,41
Francesco,Rutelli,12
Francesco Enrico,Speroni,170
Francis,Decourriere,2
Francis,Wurtz,306
Francisca,Pleguezuelos Aguilar,10
Francisca,Sauquillo Perez Del Arco,70
Francisco,Assis,240
Francisco,Sosa Wagner,160
Francisco Jose,Millan Mon,477
Franck,Proust,2469
Franco,Marini,2
Francois,Alfonsi,31
Francois,Bayrou,7
Francois,Zimeray,28
Francoise,Castex,192
Francoise,De Veyrinas,2
Francoise,Grossetete,1986
Frank,Engel,186
Frank,Vanhecke,261
Franz,Obermayr,4242
Franz,Turchi,53
Franziska,Keller,399
Franziska Katharina,Brantner,46
Freddy,Blak,81
Freddy,Thielemans,1
Frederic,Daerden,78
Frederique,Ries,2319
Frieda,Brepoels,62
Friedrich-Wilhelm,Graefe Zu Baringdorf,191
Frithjof,Schmidt,21
Gabor,Demszky,1
Gabor,Harangozo,88
Gabriel,Mato Adrover,732
Gabriela,Cretu,41
Gabriele,Albertini,30
Gabriele,Stauner,76
Gabriele,Zimmer,507
Garrelt,Duin,9
Gary,Titley,243
Gaston,Franco,61
Gay,Mitchell,276
Generoso,Andria,28
Genevieve,Fraisse,65
Genowefa,Grabowska,138
Geoffrey,Van Orden,1338
Georg,Jarzembowski,199
George,Becali,89
George,Lyon,116
George,Varnava,1
George Sabin,Cutas,354
George William,Vella,1
Georges,Bach,114
Georges,Berthu,489
Georges,Garot,26
Georgios,Georgiou,22
Georgios,Karatzaferis,101
Georgios,Koumoutsakos,76
Georgios,Papanikolaou,533
Georgios,Papastamkos,297
Georgios,Stavrakakis,193
Georgios,Toussas,288
Georgs,Andrejevs,11
Gerald,Hafner,65
Gerard,Batten,1188
Gerard,Caudron,306
Gerard,Collins,111
Gerard,Deprez,846
Gerard,Onesta,1476
Gerardo,Galeote,120
Gerben-Jan,Gerbrandy,342
Gerhard,Hager,61
Gerhard,Schmid,414
Gesine,Meissner,468
Giacomo,Santini,85
Gian Paolo,Gobbo,5
Giancarlo,Scotta,31
Gianfranco,Dell'Alba,166
Gianfranco,Fini,1
Gianluca,Susta,74
Gianni,De Michelis,3
Gianni,Pittella,1266
Gianni,Vattimo,28
Giles,Chichester,180
Gilles,Pargneaux,1107
Gilles,Savary,130
Gintaras,Didziokas,8
Giommaria,Uggias,111
Giorgio,Calo,8
Giorgio,Celli,5
Giorgio,Lisi,54
Giorgio,Napolitano,58
Giorgio,Ruffolo,2
Giorgos,Dimitrakopoulos,290
Giorgos,Katiforis,87
Giovanna,Corda,14
Giovanni,Berlinguer,13
Giovanni,Collino,26
Giovanni,La Via,4617
Giovanni,Procacci,21
Giovanni,Robusti,7
Girts Valdis,Kristovskis,45
Gisela,Kallenbach,43
Gitte,Seeberg,4
Giulietto,Chiesa,19
Giuseppe,Brienza,2
Giuseppe,Castiglione,12
Giuseppe,Di Lello Finuoli,35
Giuseppe,Gargani,75
Giuseppe,Nistico',31
Giusto,Catania,85
Glenis,Willmott,726
Glenys,Kinnock,122
Glyn,Ford,339
Godelieve,Quisthoudt-Rowohl,126
Godfrey,Bloom,93
Goran,Farm,139
Gordon J.,Adam,41
Gorka,Knorr Borras,47
Graham,Booth,53
Grazyna,Staniszewska,23
Grazyna  Jolanta,Ciemniak,1
Guido,Bodrato,32
Guido,Milana,70
Guido,Podesta,320
Guido,Sacconi,81
Guido,Viceconte,1
Gunilla,Carlsson,29
Gunnar,Hokmark,855
Guntars,Krasts,56
Guy,Bono,23
Guy,Verhofstadt,822
Gyorgy,Schopflin,288
Gyula,Hegyi,138
Hanja,Maij-Weggen,92
Hanna,Foltyn-Kubicka,52
Hanne,Dahl,32
Hannes,Swoboda,813
Hannu,Takkula,708
Hans,Karlsson,27
Hans,Kronberger,58
Hans,Modrow,36
Hans-Gert,Pottering,1207
Hans-Peter,Martin,387
Hans-Peter,Mayer,42
Harald,Ettl,83
Harlem,Desir,132
Hartmut,Nassauer,109
Hedwig,Keppelhoff-Wiechert,52
Heide,Ruhle,80
Heidi,Hautala,687
Heinz,Kindermann,40
Heinz K.,Becker,420
Helena,Torres Marques,40
Helene,Flautre,210
Helene,Goudin,138
Helga,Trupel,366
Hella,Ranner,11
Helle,Thorning-Schmidt,47
Helmut,Kuhne,55
Helmut,Scholz,507
Helmuth,Markov,186
Henri,Weber,12
Henrik,Lax,39
Henrik Dam,Kristensen,6
Herbert,Bosch,96
Herbert,Dorfmann,174
Herbert,Reul,435
Herman,Schmid,80
Herman,Vermeer,36
Hermann,Winkler,132
Herve,Novelli,8
Hiltrud,Breyer,183
Holger,Krahmer,88
Horia-Victor,Toma,2
Horst,Posdorf,1
Horst,Schnellhardt,118
Hubert,Pirker,279
Hugues,Martin,19
Hynek,Fajmon,58
Ian,Hudghton,2445
Ian,Twinn,1
Ian R.K.,Paisley,28
Ieke,Van Den Burg,137
Ignasi,Guardans Cambo,107
Ilda,Figueiredo,2120
Ildiko,Gall-Pelcz,3114
Iles,Braghetto,33
Iliana,Ivanova,34
Iliana Malinova,Iotova,282
Ilka,Schroder,70
Ilkka,Suominen,42
Imelda Mary,Read,34
Indrek,Tarand,417
Ines,Ayala Sender,852
Inese,Slesere,1
Inese,Vaidere,567
Ingeborg,Grassle,453
Inger,Schorling,94
Inger,Segelstrom,59
Ingo,Friedrich,641
Ingo,Schmitt,19
Inigo,Mendez De Vigo,104
Ioan,Enciu,413
Ioan Lucian,Hambasan,4
Ioan Mircea,Pascu,873
Ioannis,Averoff,3
Ioannis,Gklavakis,62
Ioannis,Kasoulides,86
Ioannis,Koukiadis,54
Ioannis,Marinos,45
Ioannis,Patakis,122
Ioannis,Souladakis,78
Ioannis,Theonas,45
Ioannis,Varvitsiotis,55
Ioannis A.,Tsoukalas,17
Iosif,Matula,281
Iratxe,Garcia Perez,750
Irena,Belohorska,140
Isabella,Lovin,177
Isabelle,Caullery,20
Isabelle,Durant,375
Isidoro,Sanchez Garcia,48
Ismail,Ertug,249
Istvan,Palfi,2
Istvan,Szent-Ivanyi,62
Iuliu,Winkler,630
Iva,Zanicchi,510
Ivailo,Kalfin,94
Ivari,Padar,59
Ivars,Godmanis,11
Ivo,Belet,738
Ivo,Strejcek,71
Ivo,Vajgl,786
Izaskun,Bilbao Barandica,2229
Jacek,Protasiewicz,281
Jacek,Saryusz-Wolski,708
Jacek,Wlosowicz,569
Jacek Olgierd,Kurski,103
Jacky,Henin,165
Jacqueline,Foster,300
Jacqueline,Rousseaux,2
Jacques,Santer,5
Jacques,Santkin,1
Jacques,Toubon,54
Jacques F.,Poos,77
Jaime,Mayor Oreja,33
Jaime,Valdivielso De Cue,26
James,Elles,108
James,Nicholson,1206
James (Jim),Fitzsimons,65
James L.C.,Provan,613
Jamila,Madeira,40
Jan,Andersson,159
Jan,Brezina,239
Jan,Cremers,13
Jan,Dhaene,42
Jan,Hudacky,39
Jan,Kozlowski,129
Jan,Mulder,238
Jan,Olbrycht,231
Jan,Zahradil,396
Jan Jerzy,Kulakowski,12
Jan Marinus,Wiersma,201
Jan Philipp,Albrecht,285
Jan Tadeusz,Masiel,96
Jan-Kees,Wiebenga,254
Jana,Bobosikova,83
Jana,Hybaskova,45
Janelly,Fourtou,28
Janez,Podobnik,1
Jannis,Sakellariou,88
Janno,Reiljan,1
Janos,Ader,28
Janusz,Lewandowski,291
Janusz,Onyszkiewicz,242
Janusz,Wojciechowski,594
Janusz Wladyslaw,Zemke,717
Jaromir,Kohlicek,182
Jaroslav,Paska,568
Jaroslav,Zverina,12
Jaroslaw,Kalinowski,1242
Jaroslaw Leszek,Walesa,987
Jas,Gawronski,49
Jason,Azzopardi,2
Javier,Moreno Sanchez,30
Jean,Lambert,999
Jean,Saint-Josse,18
Jean,Spautz,4
Jean Louis,Cottigny,17
Jean Marie,Beaupuy,51
Jean-Charles,Marchiani,18
Jean-Claude,Fruteau,55
Jean-Claude,Martinez,224
Jean-Louis,Bernie,74
Jean-Louis,Bourlanges,88
Jean-Luc,Bennahmias,399
Jean-Luc,Dehaene,27
Jean-Luc,Melenchon,5724
Jean-Marie,Cavada,249
Jean-Marie,Le Pen,64
Jean-Maurice,Dehousse,43
Jean-Paul,Besset,10
Jean-Paul,Denanot,108
Jean-Paul,Gauzes,120
Jean-Pierre,Audy,539
Jean-Pierre,Bebear,3
Jean-Thomas,Nordmann,22
Jeanine,Hennis-Plasschaert,68
Jeffrey,Titford,92
Jelko,Kacin,100
Jeno Vilmos,Manninger,1
Jens,Geier,252
Jens,Holm,45
Jens,Rohde,261
Jens Dyhr,Okking,2
Jens-Peter,Bonde,249
Jerzy,Buzek,2673
Jill,Evans,2754
Jim,Allister,313
Jim,Higgins,411
Jiri,Havel,44
Jiri,Mastalka,867
Jo,Leinen,714
Joachim,Wuermeling,58
Joachim,Zeller,174
Joan,Calabuig Rull,22
Joan,Colom I Naval,430
Joan,Vallve,30
Joanna,Senyszyn,204
Joanna Katarzyna,Skrzydlewska,139
Joao,Ferreira,7596
Joao de Deus,Pinheiro,23
Joaquim,Miranda,96
Joaquim,Piscarreta,46
Joaquim,Vairinhos,25
Joe,Higgins,57
Joel,Hasse Ferreira,34
Johan,Van Hecke,120
Johanna L.A.,Boogerd-Quaak,37
Johannes,Blokland,441
Johannes,Lebech,13
Johannes,Voggenhuber,92
Johannes Cornelis,Van Baalen,174
John,Attard-Montalto,152
John,Bowis,192
John,Bufton,577
John,Hume,14
John,Purvis,180
John,Whittaker,43
John Alexander,Corrie,34
John Joseph,Mccartin,62
John Stuart,Agnew,315
John Walls,Cushnahan,94
Joke,Swiebel,45
Jolanta,Dickute,9
Jolanta Emilia,Hibner,60
Jonas,Sjostedt,192
Jonathan,Evans,76
Joop,Post,1
Joost,Lagendijk,124
Jorg,Leichtfried,1140
Jorge,Moreira Da Silva,93
Jorge Salvador,Hernandez Mollar,77
Jorgo,Chatzimarkakis,109
Jose,Bove,129
Jose,Pacheco Pereira,180
Jose,Ribeiro E Castro,903
Jose,Vila Abello,2
Jose Albino,Silva Peneda,108
Jose Ignacio,Salafranca Sanchez-Neyra,337
Jose Javier,Pomes Ruiz,54
Jose Manuel,Fernandes,7107
Jose Manuel,Garcia-Margallo Y Marfil,101
Jose Maria,Gil-Robles Gil-Delgado,25
Josef,Bonnici,1
Josef,Zieleniec,15
Josefa,Andres Barea,73
Josep,Borrell Fontelles,864
Joseph,Daul,236
Joseph,Muscat,52
Josu,Ortuondo Larrea,223
Jozef,Pinior,144
Jozsef,Ekes,1
Jozsef,Szajer,1059
Juan,Fraile Canton,7
Juan,Ojeda Sanz,25
Juan Andres,Naranjo Escobar,45
Juan Fernando,Lopez Aguilar,624
Juan Jose,Bayona De Perogordo,12
Juan Manuel,Fabra Valles,5
Juan Manuel,Ferrandez Lezaun,12
Juan de Dios,Izquierdo Collado,33
Judith,Sargentini,576
Judith A.,Merkies,68
Jules,Maaten,202
Julie,Girling,804
Juozas,Imbrasas,1276
Jurgen,Creutzmann,36
Jurgen,Klute,68
Jurgen,Schroder,24
Jurgen,Zimmerling,18
Justas Vincas,Paleckis,439
Jutta,Haug,111
Jutta,Steinruck,516
Kader,Arif,91
Karima,Delli,363
Karin,Jons,50
Karin,Junker,61
Karin,Kadenbach,501
Karin,Resetarits,17
Karin,Riis-Jorgensen,59
Karin,Scheele,160
Karl,Von Wogau,91
Karl Erik,Olsson,41
Karl-Heinz,Florenz,279
Karla M.H.,Peijs,51
Karsten,Knolle,12
Karsten Friedrich,Hoppenstedt,32
Kartika Tamara,Liotard,126
Katalin,Levai,75
Katarina,Nevedalova,247
Katerina,Batzeli,90
Katerina,Konecna,429
Kathalijne Maria,Buitenweg,141
Kathleen,Van Brempt,444
Kathy,Sinnott,246
Katrin,Saks,58
Kay,Swinburne,2532
Keith,Taylor,150
Kent,Johansson,18
Kerstin,Westphal,39
Kinga,Gal,1029
Kinga,Goncz,165
Klaus,Hansch,39
Klaus-Heiner,Lehne,136
Knut,Fleckenstein,267
Koenraad,Dillen,147
Koldo,Gorostiaga Atxalandabaso,108
Konrad,Szymanski,263
Konrad K.,Schwaiger,40
Konstantinos,Alyssandrakis,241
Konstantinos,Droutsas,34
Konstantinos,Hatzidakis,119
Konstantinos,Poupakis,15
Krisjanis,Karins,705
Kristian,Vigenin,127
Kristiina,Ojuland,217
Krisztina,Morvai,1020
Kriton,Arsenis,107
Krzysztof,Holowczyc,7
Krzysztof,Lisek,169
Kurt,Lechner,28
Kurt Joachim,Lauk,16
Kyosti,Virrankoski,141
Kyriacos,Triantaphyllides,200
Kyriakos,Mavronikolas,39
Laima Liucija,Andrikiene,637
Lajos,Bokros,40
Lambert,Van Nistelrooij,486
Lapo,Pistelli,17
Lara,Comi,4719
Lars,Wohlin,56
Lasse,Lehtinen,36
Laszlo,Surjan,264
Laszlo,Tokes,567
Laura,Gonzalez Alvarez,127
Laurence J.A.J.,Stassen,59
Lefteris,Christoforou,345
Lena,Ek,149
Lena,Kolarska-Bobinska,132
Lennart,Sacredeus,283
Leonardo,Domenici,23
Leonidas,Donskis,27
Leopold Jozef,Rutowicz,120
Liam,Aylward,332
Liam,Hyland,119
Libor,Roucek,467
Licia,Ronzulli,607
Lidia Joanna,Geringer De Oedenberg,1605
Liem,Hoang Ngoc,46
Liene,Liepina,1
Liisa,Jaakonsaari,453
Lilli,Gruber,12
Lily,Jacobs,5
Linda,Mcavan,498
Lisbeth,Gronfeldt Bergman,22
Lissy,Groner,112
Livia,Jaroka,198
Ljudmila,Novak,50
Lone,Dybkjaer,63
Lorenzo,Cesa,126
Lorenzo,Fontana,2796
Lothar,Bisky,69
Louis,Bontes,8
Louis,Grech,163
Louis,Michel,2655
Lousewies,Van Der Laan,53
Luca,Romagnoli,428
Lucas,Hartong,81
Luciana,Sbarbati,56
Luciano,Caveri,32
Lucio,Manisco,17
Luckas,Vander Taelen,14
Luigi,Berlinguer,28
Luigi,Cocilovo,432
Luigi,De Magistris,13
Luigi,Vinci,3
Luigi Ciriaco,De Mita,36
Luis,Berenguer Fuster,57
Luis,De Grandes Pascual,273
Luis,Herrero-Tejedor,19
Luis,Marinho,253
Luis,Queiro,891
Luis,Yanez-Barnuevo Garcia,74
Luis Manuel,Capoulas Santos,98
Luis Marco,Aguiriano Nalda,2
Luis Paulo,Alves,1986
Luisa,Morgantini,293
Luisa Fernanda,Rudi Ubeda,5
Lutz,Goepel,31
Lydia,Schenardi,56
Lydie,Polfer,21
Maciej Marian,Giertych,32
Maddalena,Calia,1
Madeleine,Jouye De Grandmaison,7
Magda,Kosane Kovacs,79
Magdalena,Alvarez,6
Magdalene,Hoff,4
Magdi Cristiano,Allam,11
Magor Imre,Csibi,26
Mairead,Mcguinness,3078
Maj Britt,Theorin,84
Malcolm,Harbour,329
Malgorzata,Handzlik,278
Malika,Benarab-Attou,53
Manfred,Weber,558
Manolis,Mavrommatis,85
Manuel,Medina Ortega,315
Manuel,Perez Alvarez,73
Manuel Antonio,Dos Santos,915
Mara,Bizzotto,5571
Marc,Tarabella,6744
Marcelino,Oreja Arburua,24
Marcello,Vernola,11
Marcin,Libicki,137
Marco,Cappato,205
Marco,Formentini,1
Marco,Pannella,73
Marco,Rizzo,4
Marco,Scurria,77
Marek,Siwiec,260
Marek Aleksander,Czarnecki,51
Marek Henryk,Migalski,190
Marek Jozef,Grobarczyk,246
Margarita,Starkeviciute,100
Margaritis,Schinas,29
Margie,Sudre,140
Margot,Kessler,16
Margrete,Auken,555
Margrietus,Van Den Berg,214
Maria,Badia I Cutchet,69
Maria,Berger,58
Maria,Carrilho,21
Maria,Irigoyen Perez,56
Maria,Izquierdo Rojo,96
Maria,Martens,86
Maria,Matsouka,26
Maria,Muniz De Urquiza,76
Maria,Petre,44
Maria,Robsahm,16
Maria,Rodriguez Ramos,19
Maria,Sornosa Martinez,40
Maria Antonia,Aviles Perea,67
Maria Da Graca,Carvalho,1101
Maria Eleni,Koppa,118
Maria Grazia,Pagano,2
Maria Isabel,Salinas Garcia,26
Maria Johanna (Marieke),Sanders-Ten Holte,79
Maria Luisa,Bergaz Conesa,8
Maria da Assuncao,Esteves,42
Maria do Ceu,Patrao Neves,1930
Marialiese,Flemming,74
Marian,Harkin,2127
Marian,Zlotea,31
Marian-Jean,Marinescu,1143
Marianne,Eriksson,40
Marianne,Mikko,104
Marianne,Thyssen,226
Marie,Panayotopoulos-Cassiotou,186
Marie Anne,Isler Beguin,268
Marie-Arlette,Carlotti,84
Marie-Christine,Vergiat,2892
Marie-France,Stirbois,9
Marie-Francoise,Duthu,4
Marie-Francoise,Garaud,6
Marie-Helene,Aubert,45
Marie-Helene,Descamps,15
Marie-Helene,Gillig,44
Marie-Line,Reynaud,12
Marie-Noelle,Lienemann,193
Marie-Therese,Hermange,40
Marie-Therese,Sanchez-Schmid,181
Mariela Velichkova,Baeva,10
Marielle,De Sarnez,2412
Marielle,Gallo,23
Marietje,Schaake,642
Marietta,Giannakou,107
Marije,Cornelissen,85
Marilisa,Xenogiannakopoulou,14
Marina,Yannakoudakis,250
Marine,Le Pen,1284
Mario,Borghezio,1191
Mario,David,320
Mario,De Marco,1
Mario,Mantovani,35
Mario,Mauro,881
Mario,Pirillo,138
Mario,Soares,29
Marios,Matsakis,365
Mariotto,Segni,25
Marisa,Matias,1215
Marit,Paulsen,306
Marita,Ulvskog,354
Mariya,Nedelcheva,816
Marjo,Matikainen-Kallstrom,55
Mark Francis,Watts,41
Markus,Ferber,540
Markus,Pieper,264
Mart,Laar,1
Marta,Andreasen,161
Marta,Vincenzi,25
Marti,Grau I Segu,7
Martin,Callanan,156
Martin,Dimitrov,5
Martin,Ehrenhauser,77
Martin,Hausling,159
Martin,Kastler,62
Martin,Schulz,4440
Martine,Roure,395
Marusya Ivanova,Lyubcheva,105
Mary,Honeyball,225
Mary Elizabeth,Banotti,86
Mary Lou,Mcdonald,80
Massimo,Cacciari,2
Massimo,Carraro,12
Massimo,D'Alema,4
Mathieu,Grosch,217
Matteo,Salvini,1524
Matthias,Groote,306
Matti,Wuori,36
Matyas,Eorsi,1
Maurice,Ponga,162
Maurizio,Turco,65
Mauro,Nobilia,38
Mauro,Zani,9
Mechtild,Rothe,157
Mercedes,Bresso,1734
Metin,Kazak,73
Mia,De Vits,32
Michael,Cashman,262
Michael,Cramer,255
Michael,Gahler,837
Michael,Theurer,309
Michael John,Holmes,4
Michail,Tremopoulos,33
Michal Tomasz,Kaminski,326
Michel,Barnier,3
Michel,Dantin,1479
Michel,Hansenne,4
Michel,Raymond,4
Michel,Rocard,36
Michel,Teychenne,7
Michel J.M.,Dary,6
Michel-Ange,Scarbonchi,4
Michele,Alliot-Marie,52
Michele,Rivasi,291
Michele,Santoro,2
Michele,Striffler,133
Michiel,Van Hulten,52
Michl,Ebner,120
Mieczyslaw Edmund,Janowski,135
Miet,Smet,55
Miguel,Arias Canete,2
Miguel,Portas,170
Miguel Angel,Martinez Martinez,809
Mihael,Brejc,34
Mihaela,Popa,16
Mihail,Papayannakis,115
Mikael,Gustafsson,158
Mike,Nattrass,42
Mikel,Irujo Amezaga,44
Mikko,Pesala,45
Milan,Cabrnoch,35
Milan,Gala,58
Milan,Horacek,73
Milan,Zver,936
Milos,Koterec,22
Miloslav,Ransdorf,315
Minerva Melpomeni,Malliori,38
Miquel,Mayol I Raynal,50
Miroslav,Mikolasik,2079
Miroslav,Ouzky,207
Miroslaw,Piotrowski,519
Mitro,Repo,355
Mogens,Camre,69
Mojca,Drcar Murko,46
Mojca,Kleva,63
Monica,Frassoni,254
Monica,Giuntini,5
Monica,Ridruejo,3
Monica Luisa,Macovei,1881
Monica Maria,Iacob-Ridzi,72
Monika,Flasikova Benova,6999
Monika,Hohlmeier,426
Monika,Smolkova,1428
Morten,Lokkegaard,59
Morten,Messerschmidt,276
Myrsini,Zorba,35
Nadezhda,Neynsky,30
Nadja,Hirsch,43
Nathalie,Griesbeck,1026
Nedzhmi,Ali,24
Neena,Gill,2307
Neil,Parish,117
Nelly,Maes,264
Nessa,Childers,603
Niall,Andrews,49
Niccolo,Rinaldi,117
Nicholas,Clegg,44
Nick,Griffin,65
Nickolay,Mladenov,22
Nicodim,Bulzesc,38
Nicola,Zingaretti,12
Nicolae Vlad,Popa,56
Nicole,Fontaine,1307
Nicole,Kiil-Nielsen,79
Nicole,Sinclaire,189
Nicole,Thomas-Mauro,52
Niels,Busk,60
Nigel,Farage,858
Niki,Tzavela,149
Nikolaos,Chountis,309
Nikolaos,Salavrakos,449
Nikolaos,Sifunakis,38
Nikolaos,Vakalis,34
Nils,Lundgren,187
Nina,Skottova,14
Nirj,Deva,561
Norbert,Glante,30
Norbert,Neuser,81
Norica,Nicolai,822
Nuala,Ahern,107
Nuno,Melo,7347
Nuno,Teixeira,1639
Oldrich,Vlasak,404
Ole,Andreasen,46
Ole,Christensen,273
Ole,Krarup,102
Ole B.,Sorensen,17
Olga,Sehnalova,735
Olga,Zrihen,78
Olivier,Duhamel,8
Olivier,Dupuis,195
Olle,Ludvigsson,192
Olle,Schmidt,365
Olli,Rehn,177
Ona,Rainyte-Bodard,59
Oreste,Rossi,424
Oriol,Junqueras Vies,21
Othmar,Karas,2118
Ottaviano,Del Turco,2
Ovidiu Ioan,Silaghi,7
Ovidiu Victor,Gant,4
Ozan,Ceyhun,68
Paavo,Vayrynen,153
Pablo,Arias Echeverria,10
Pablo,Zalba Bidegain,234
Pal,Schmitt,92
Pal,Vastagh,1
Panagiotis,Beglitis,104
Panayiotis,Demetriou,51
Paolo,Bartolozzi,65
Paolo,Cirino Pomicino,1
Paolo,Costa,69
Paolo,De Castro,192
Pascal,Canfin,26
Pascale,Gruny,17
Pasqualina,Napoletano,132
Pat,Cox,1056
Pat the Cope,Gallagher,328
Patrice,Tirolien,55
Patricia,Mckenna,230
Patrick,Gaubert,53
Patrick,Le Hyaric,729
Patrick,Louis,50
Patrizia,Toia,525
Patsy,Sorensen,51
Paul,Murphy,271
Paul,Nuttall,276
Paul,Rubig,2400
Paul,Van Buitenen,10
Paul,Verges,4
Paul A.A.J.G.,Lannoye,89
Paul Marie,Couteaux,84
Paulo,Casaca,193
Paulo,Portas,5
Paulo,Rangel,4902
Pavel,Poc,387
Pawel,Zalewski,41
Pawel Bartlomiej,Piskorski,17
Pawel Robert,Kowal,87
Peder,Wachtmeister,4
Pedro,Aparicio Sanchez,22
Pedro,Guerreiro,689
Pedro,Marset Campos,80
Per,Gahrton,61
Per,Stenmarck,47
Per-Arne,Arvidsson,39
Pere,Esteve,21
Pernille,Frahm,95
Pervenche,Beres,1368
Peter,Baco,33
Peter,Jahr,1302
Peter,Liese,570
Peter,Olajos,112
Peter,Pex,8
Peter,Sichrovsky,33
Peter,Simon,87
Peter,Skinner,204
Peter,Stastny,64
Peter,Van Dalen,675
Peter Michael,Mombaur,26
Petr,Duchon,7
Petr,Lachnit,1
Petra,Kammerevert,69
Petre,Popeanga,11
Petros,Efthymiou,3
Petru,Filip,22
Petru Constantin,Luhan,640
Petya,Stavreva,17
Phil,Prendergast,192
Philip,Bradbourn,104
Philip,Bushill-Matthews,187
Philip,Claeys,357
Philip Dimitrov,Dimitrov,1
Philippe,Boulland,786
Philippe,Busquin,7
Philippe,De Backer,330
Philippe,De Villiers,62
Philippe,Juvin,3942
Philippe,Lamberts,525
Philippe,Morillon,124
Philippe A.R.,Herzog,52
Phillip,Whitehead,114
Pia Elda,Locatelli,17
Pier Antonio,Panzeri,720
Pier Luigi,Bersani,5
Pierre,Jonckheer,77
Pierre,Moscovici,247
Pierre,Pribetich,46
Pierre,Schapira,29
Pierre,Schori,22
Pietro-Paolo,Mennea,4
Piia-Noora,Kauppi,272
Pilar,Ayuso,372
Pilar,Del Castillo Vera,210
Pino,Arlacchi,332
Piotr,Borys,81
Piotr,Gadzinowski,1
Potito,Salatto,16
Poul Nyrup,Rasmussen,47
Professor Sir Neil,Maccormick,229
Proinsias,De Rossa,579
Rachida,Dati,3918
Radvile,Morkunaite-Mikuleniene,595
Rafal,Trzaskowski,116
Raffaele,Baldassarre,97
Raffaele,Costa,20
Raffaele,Fitto,324
Raimon,Obiols,78
Raina A. Mercedes,Echerer,56
Rainer,Wieland,2763
Ralf,Walter,54
Ramon,Jauregui Atondo,261
Ramon,Tremosa I Balcells,1215
Ramona Nicole,Manescu,330
Raquel,Cardoso,2
Rares-Lucian,Niculescu,388
Raul,Romeva I Rueda,2125
Raymond,Langendries,2
Rebecca,Harms,984
Regina,Bastos,636
Reimer,Boge,318
Reinhard,Butikofer,357
Reinhard,Rack,259
Reinhold,Messner,20
Reino,Paasilinna,173
Renate,Sommer,411
Renate,Weber,279
Renato,Brunetta,25
Renzo,Imbeni,561
Ria,Oomen-Ruijten,263
Ricardo,Cortes Lastra,76
Riccardo,Ventre,5
Richard,Ashworth,351
Richard,Corbett,1098
Richard,Falbr,38
Richard,Howitt,1416
Richard,Seeber,290
Richard A.,Balfe,27
Rihards,Piks,15
Riikka,Manner,50
Riitta,Myller,118
Rijk,Van Dam,196
Rita,Borsellino,11
Robert,Dusek,84
Robert,Evans,195
Robert,Fico,1
Robert,Goebbels,365
Robert,Goodwill,53
Robert,Kilroy-Silk,7
Robert,Navarro,21
Robert,Rochefort,1248
Robert,Sturdy,87
Roberta,Angelilli,1054
Roberta Alma,Anastase,62
Roberto,Fiore,22
Roberto,Gualtieri,420
Roberto,Musacchio,72
Roberto Felice,Bigliardo,28
Roberts,Zile,426
Rocco,Buttiglione,7
Rodi,Kratsa-Tsagaropoulou,602
Roger,Helmer,483
Roger,Karoutchi,4
Roger,Knapman,29
Roland,Gewalt,1
Rolandas,Paksas,3150
Rolandas,Pavilionis,12
Rolf,Berend,59
Rolf,Linkohr,67
Roman,Jakic,1
Romana,Jordan Cizelj,162
Romano Maria,La Russa,29
Rosa,Diez Gonzalez,46
Rosa,Estaras Ferragut,720
Rosa,Miguelez Ramos,182
Rosario,Crocetta,15
Roseline,Vachetta,69
Roselyne,Bachelot-Narquin,17
Roselyne,Lefrancois,28
Rosemarie,Muller,11
Rovana,Plumb,306
Roy,Perry,91
Roza Grafin von,Thun Und Hohenstein,381
Rudolf,Ziak,1
Rui,Tavares,171
Rumiana,Jeleva,30
Ruth,Hieronymi,49
Ryszard,Czarnecki,2268
Ryszard Antoni,Legutko,126
Sabine,Losing,201
Sabine,Verheyen,108
Sabine,Wils,39
Sabine,Zissener,10
Sahra,Wagenknecht,30
Said,El Khadraoui,139
Sajjad,Karim,489
Salvador,Garriga Polledo,135
Salvador,Jove Peres,44
Salvador Domingo,Sanz Palacio,1
Salvatore,Caronna,32
Salvatore,Iacolino,197
Salvatore,Tatarella,39
Sami,Nair,9
Sampo,Terho,96
Samuli,Pohjamo,120
Sandra,Kalniete,417
Sandrine,Belier,36
Santiago,Fisas Ayxela,135
Sari,Essayah,187
Sarunas,Birutis,90
Satu,Hassi,124
Sean,Kelly,3351
Sean,O Neachtain,168
Sebastian Valentin,Bodu,472
Sebastiano,Sanzarello,4
Sebastiano (Nello),Musumeci,58
Sepp,Kusstatscher,49
Sergej,Kozlik,140
Sergio,Berlato,259
Sergio,Gutierrez Prieto,642
Sergio,Marques,188
Sergio,Ribeiro,57
Sergio,Sousa Pinto,21
Sergio Gaetano,Cofferati,531
Sergio Paolo Francesco,Silvestris,1030
Sharon,Bowles,97
Sidonia Elzbieta,Jedrzejewska,46
Siiri,Oviir,361
Silvana,Koch-Mehrin,154
Silvia,Ciornei,5
Silvia,Costa,336
Silvia-Adriana,Ticau,1842
Simon,Busuttil,194
Simon,Coveney,49
Simon Francis,Murphy,21
Sir Graham,Watson,420
Sir Robert,Atkins,72
Sirpa,Pietikainen,492
Slavi,Binev,188
Slawomir Witold,Nitras,96
Sonia,Alfano,81
Sophia,In 'T Veld,1008
Sophie,Auconie,1495
Soren Bo,Sondergaard,119
Sorin,Frunzaverde,3
Spyros,Danellis,72
Staffan,Burenstam Linder,1
Stanimir,Ilchev,19
Stanislaw,Jalowiecki,39
Stavros,Arnaoutakis,42
Stavros,Lambrinidis,297
Stavros,Xarchakos,2
Stefano,Zappala',64
Stephane,Le Foll,18
Stephen,Hughes,125
Struan,Stevenson,194
Sven,Giegold,291
Syed,Kamall,1083
Sylvana,Rapti,75
Sylvia-Yvonne,Kaufmann,1986
Sylviane H.,Ainardi,86
Sylvie,Goulard,354
Sylvie,Guillaume,2676
Sylwester,Chruszcz,76
Szabolcs,Fazakas,27
Tadeusz,Cymanski,132
Tadeusz,Iwinski,1
Tadeusz,Zwiefka,567
Takis,Hadjigeorgiou,291
Tamas,Deutsch,1947
Tanja,Fajon,381
Tarja,Cronberg,41
Tatjana,Zdanoka,333
Tchetin,Kazak,1
Terence,Wynn,88
Teresa,Almeida Garrett,10
Teresa,Jimenez-Becerril Barrio,234
Teresa,Riera Madurell,174
The Earl of The Earl Of,Stockton,21
The Lord,Bethell,16
The Lord,Inglewood,54
Theodor Dumitru,Stolojan,537
Theodoros,Skylakakis,40
Theodorus J.J.,Bouwman,87
Theresa,Villiers,66
Theresa,Zabell,28
Thierry,Cornillet,45
Thierry,De La Perriere,20
Thierry B.,Jean-Pierre,1
Thijs,Berman,82
Thomas,Handel,25
Thomas,Mann,957
Thomas,Ulmer,174
Thomas,Wise,59
Tiberiu,Barbuletiu,1
Timo,Soini,20
Timothy,Kirkhope,1065
Titus,Corlatean,17
Tiziano,Motti,194
Tobias,Pfluger,133
Toine,Manders,142
Tokia,Saifi,1932
Tomas,Zatloukal,33
Tomasz Piotr,Poreba,411
Toomas,Savi,91
Toomas Hendrik,Ilves,8
Torben,Lund,75
Traian,Ungureanu,387
Trevor,Colman,13
Tunne,Kelam,1890
Udo,Bullmann,318
Ulla Margrethe,Sandbaek,93
Ulpu,Iivari,50
Ulrich,Stockmann,65
Ulrike,Lunacek,987
Ulrike,Rodust,168
Uma,Aaltonen,9
Umberto,Guidoni,36
Umberto,Pirilli,11
Ursula,Schleicher,58
Ursula,Stenzel,89
Urszula,Gacek,51
Urszula,Krupa,155
Valdemar,Tomasevski,222
Valdis,Dombrovskis,31
Vasco,Graca Moura,57
Vasile,Dincu,1
Vasilica Viorica,Dancila,2454
Vera,Flasarova,37
Veronica,Lope Fontagne,138
Veronique,De Keyser,312
Veronique,Mathieu,834
Vicente Miguel,Garces Ramon,14
Vicky,Ford,570
Victor,Bostinaru,432
Viktor,Uspaskich,624
Viktoria,Mohacsi,21
Vilem,Holan,1
Vilija,Blinkeviciute,5307
Vilja,Savisaar-Toomast,107
Ville,Itala,82
Vincent,Peillon,159
Vincenzo,Aita,8
Vincenzo,Iovine,2
Vincenzo,Lavarra,21
Viorica-Pompilia-Georgeta,Moisuc,6
Vital,Moreira,162
Vitaliano,Gemelli,31
Vito,Bonsignore,340
Vittorio,Agnoletto,79
Vittorio,Prodi,51
Vladimir,Manka,1245
Vladimir,Remek,55
Vladimir,Urutchev,312
Vladimir,Zelezny,24
Vladko Todorov,Panayotov,52
Vural,Oger,21
Vytautas,Landsbergis,116
W.G.,Van Velzen,65
Waclaw,Klukowski,1
Walter,Veltroni,7
Ward,Beysen,65
Werner,Kuhn,120
Werner,Langen,660
Werner,Schulz,34
Wieslaw Stefan,Kuc,61
Wilfried,Kuckelkorn,24
Willem,Schuth,8
Willi,Gorlach,11
Willi,Piecyk,60
Willi,Rothley,26
William,(The Earl Of) Dartmouth,1029
William,Abitbol,47
Willy,Meyer,1103
Willy C.E.H.,De Clercq,52
Wim,Van De Camp,198
Winfried,Menrad,21
Witold,Tomczak,43
Wojciech,Roszkowski,41
Wojciech,Wierzejski,4
Wojciech Michal,Olejniczak,205
Wolf,Klinz,105
Wolfgang,Bulfon,10
Wolfgang,Ilgenfritz,54
Wolfgang,Kreissl-Dorfler,73
Xaver,Mayer,10
Yannick,Jadot,255
Yannick,Vaugrenard,18
Yasmine,Boudjenah,89
Yiannakis,Matsis,11
Yves,Butel,24
Yves,Cochet,4
Yves,Pietrasanta,45
Yvonne,Sandberg-Fries,3
Zbigniew,Chrzanowski,1
Zbigniew,Zaleski,126
Zbigniew,Ziobro,345
Zbigniew Krzysztof,Kuzmiuk,621
Zdzislaw Kazimierz,Chmielewski,20
Zdzislaw Zbigniew,Podkanski,168
Zigmantas,Balcytis,5865
Zita,Gurmai,199
Zita,Plestinska,302
Zoltan,Bago,149
Zoltan,Balczo,348
Zoltan,Szabo,1
Zoran,Thaler,25
Zsolt Laszlo,Becsey,66
Zuzana,Brzobohata,103
Zuzana,Roithova,389
